<?xml version='1.0' encoding='UTF-8'?><FORM><SUMMARY TITLE="" POSITION="TEMPLATE" TMP_SCR_TYPE="M" CRITERIA_SRCH="N"><TYPE>S</TYPE><SUMMARY_DATA_BLK>BLK_MAIN</SUMMARY_DATA_BLK><SUMMARY_BASE/><SUMBLOCK SCREEN="SUMMARY" TABPAGE="QUERY" TYPE="SE"><FIELD ID="1" TYPE="ME"><NAME>AUTHSTAT</NAME><TYPE>SELECT</TYPE><OPTION VALUE="A">Authorized</OPTION><OPTION VALUE="U">Unauthorized</OPTION><OPTION VALUE="R">Rejected</OPTION><LBL>Authorization Status</LBL><READ_ONLY>-1</READ_ONLY><MAXLENGTH>35</MAXLENGTH><DTYPE>VARCHAR2</DTYPE><SIZE>1</SIZE><CHECKED>N</CHECKED></FIELD><FIELD ID="2" TYPE="ME"><NAME>TXNSTAT</NAME><TYPE>SELECT</TYPE><OPTION VALUE="O">Open</OPTION><OPTION VALUE="C">Closed</OPTION><LBL>Record Status</LBL><READ_ONLY>-1</READ_ONLY><MAXLENGTH>35</MAXLENGTH><DTYPE>VARCHAR2</DTYPE><SIZE>1</SIZE><CHECKED>N</CHECKED></FIELD><FIELD ID="3" TYPE="ME"><NAME>EXPOSURE_CATEGORY</NAME><TYPE>TEXT</TYPE><LBL>Exposure Category</LBL><MAXLENGTH>35</MAXLENGTH><DTYPE>VARCHAR2</DTYPE></FIELD><FIELD ID="4" TYPE="ME"><NAME>GROUP_CODE</NAME><TYPE>TEXT</TYPE><LBL>Group Code</LBL><REQD>-1</REQD><MAXLENGTH>35</MAXLENGTH><DTYPE>VARCHAR2</DTYPE></FIELD><FIELD ID="5" TYPE="ME"><NAME>GROUP_STATUS</NAME><TYPE>TEXT</TYPE><LBL>Group Status</LBL><MAXLENGTH>35</MAXLENGTH><DTYPE>VARCHAR2</DTYPE></FIELD><FIELD ID="6" TYPE="ME"><NAME>GROUP_TYPE</NAME><TYPE>RADIO</TYPE><OPTION ROW="LBL_CORPORATE" COL="1"><ID/><VALUE/><LBL>Corporate</LBL><SELECTED>-1</SELECTED></OPTION><OPTION ROW="LBL_RETAIL_GROUP" COL="1"><ID/><VALUE/><LBL>RETAIL</LBL><SELECTED>-1</SELECTED></OPTION><OPTION ROW="LBL_CHANGE" COL="1"><ID/><VALUE/><LBL>Change</LBL><SELECTED>-1</SELECTED></OPTION><OPTION ROW="LBL_CLEARING" COL="1"><ID/><VALUE/><LBL>Clearing</LBL><SELECTED>-1</SELECTED></OPTION><OPTION ROW="LBL_TAX" COL="1"><ID/><VALUE/><LBL>Tax</LBL><SELECTED>-1</SELECTED></OPTION><LBL>Group Type</LBL><MAXLENGTH>35</MAXLENGTH><DTYPE>VARCHAR2</DTYPE></FIELD><FIELD ID="7" TYPE="ME"><NAME>SINCE</NAME><TYPE>DATE</TYPE><LBL>Since</LBL><MAXLENGTH>11</MAXLENGTH><DTYPE>DATE</DTYPE></FIELD><FIELD ID="8" TYPE="ME"><NAME>TAB_DESCRIPTION</NAME><TYPE>TEXT</TYPE><LBL>Description</LBL><MAXLENGTH>255</MAXLENGTH><DTYPE>VARCHAR2</DTYPE></FIELD></SUMBLOCK><SUMBLOCK SCREEN="SUMMARY" TABPAGE="RESULT" TYPE="ME"><FIELD ID="1" TYPE="ME"><NAME>AUTHSTAT</NAME><TYPE>SELECT</TYPE><OPTION VALUE="A">Authorized</OPTION><OPTION VALUE="U">Unauthorized</OPTION><OPTION VALUE="R">Rejected</OPTION><LBL>Authorization Status</LBL><READ_ONLY>-1</READ_ONLY><MAXLENGTH>35</MAXLENGTH><DTYPE>VARCHAR2</DTYPE><SIZE>1</SIZE><CHECKED>N</CHECKED></FIELD><FIELD ID="2" TYPE="ME"><NAME>TXNSTAT</NAME><TYPE>SELECT</TYPE><OPTION VALUE="O">Open</OPTION><OPTION VALUE="C">Closed</OPTION><LBL>Record Status</LBL><READ_ONLY>-1</READ_ONLY><MAXLENGTH>35</MAXLENGTH><DTYPE>VARCHAR2</DTYPE><SIZE>1</SIZE><CHECKED>N</CHECKED></FIELD><FIELD ID="3" TYPE="ME"><NAME>EXPOSURE_CATEGORY</NAME><TYPE>TEXT</TYPE><LBL>Exposure Category</LBL><MAXLENGTH>35</MAXLENGTH><DTYPE>VARCHAR2</DTYPE></FIELD><FIELD ID="4" TYPE="ME"><NAME>GROUP_CODE</NAME><TYPE>TEXT</TYPE><LBL>Group Code</LBL><REQD>-1</REQD><MAXLENGTH>35</MAXLENGTH><DTYPE>VARCHAR2</DTYPE></FIELD><FIELD ID="5" TYPE="ME"><NAME>GROUP_STATUS</NAME><TYPE>TEXT</TYPE><LBL>Group Status</LBL><MAXLENGTH>35</MAXLENGTH><DTYPE>VARCHAR2</DTYPE></FIELD><FIELD ID="6" TYPE="ME"><NAME>GROUP_TYPE</NAME><TYPE>RADIO</TYPE><OPTION ROW="LBL_CORPORATE" COL="1"><ID/><VALUE/><LBL>Corporate</LBL><SELECTED>-1</SELECTED></OPTION><OPTION ROW="LBL_RETAIL_GROUP" COL="1"><ID/><VALUE/><LBL>RETAIL</LBL><SELECTED>-1</SELECTED></OPTION><OPTION ROW="LBL_CHANGE" COL="1"><ID/><VALUE/><LBL>Change</LBL><SELECTED>-1</SELECTED></OPTION><OPTION ROW="LBL_CLEARING" COL="1"><ID/><VALUE/><LBL>Clearing</LBL><SELECTED>-1</SELECTED></OPTION><OPTION ROW="LBL_TAX" COL="1"><ID/><VALUE/><LBL>Tax</LBL><SELECTED>-1</SELECTED></OPTION><LBL>Group Type</LBL><MAXLENGTH>35</MAXLENGTH><DTYPE>VARCHAR2</DTYPE></FIELD><FIELD ID="7" TYPE="ME"><NAME>SINCE</NAME><TYPE>DATE</TYPE><LBL>Since</LBL><MAXLENGTH>11</MAXLENGTH><DTYPE>DATE</DTYPE></FIELD><FIELD ID="8" TYPE="ME"><NAME>TAB_DESCRIPTION</NAME><TYPE>TEXT</TYPE><LBL>Description</LBL><MAXLENGTH>255</MAXLENGTH><DTYPE>VARCHAR2</DTYPE></FIELD><LEGENDS><FIELD_NAME>GROUP_TYPE</FIELD_NAME><LBL/><OPTION VALUE="">Corporate</OPTION><OPTION VALUE="">RETAIL</OPTION><OPTION VALUE="">Change</OPTION><OPTION VALUE="">Clearing</OPTION><OPTION VALUE="">Tax</OPTION></LEGENDS></SUMBLOCK></SUMMARY><SCREEN NAME="CVS_MAIN" MAIN_WIN="Y" TITLE="Group Code Maintenance" POSITION="template" TMP_SCR_TYPE="S"><EXIT_BTN>1</EXIT_BTN><HEADER><TAB ID="TAB_HEADER"><LBL/></TAB></HEADER><BODY><TAB ID="TAB_MAIN"><LBL/><SECTION ID="SEC_MAIN" COLLAPSE="N"><LBL/><PART ID="P_MAIN1" NAME="P_MAIN1" WIDTH="50"><FLDSET ID="FST_MAIN1" VIEW="SE" TYPE="SE" INDEX="1"><LBL/><BLOCK>BLK_MAIN</BLOCK><HREQ>0</HREQ><HEIGHT/><WIDTH/><FIELD INDEX="" CONTROL="N"><NAME>GROUP_CODE</NAME><TYPE>TEXT</TYPE><LBL>Group Code</LBL><REQD>-1</REQD><MAXLENGTH>35</MAXLENGTH><DTYPE>VARCHAR2</DTYPE><SIZE/><ROWS/><COLS/></FIELD><FIELD INDEX="" CONTROL="N"><NAME>TAB_DESCRIPTION</NAME><TYPE>TEXT</TYPE><LBL>Description</LBL><MAXLENGTH>255</MAXLENGTH><DTYPE>VARCHAR2</DTYPE><SIZE/><ROWS/><COLS/></FIELD><FIELD INDEX="" CONTROL="N"><NAME>EXPOSURE_CATEGORY</NAME><TYPE>TEXT</TYPE><LBL>Exposure Category</LBL><MAXLENGTH>35</MAXLENGTH><DTYPE>VARCHAR2</DTYPE><SIZE/><ROWS/><COLS/><LOV><NAME>LOV_EXPOSURE_CATEGORY</NAME><TYPE>L</TYPE></LOV></FIELD><FIELD INDEX="" CONTROL="N"><NAME>GROUP_STATUS</NAME><TYPE>TEXT</TYPE><LBL>Group Status</LBL><MAXLENGTH>35</MAXLENGTH><DTYPE>VARCHAR2</DTYPE><SIZE/><ROWS/><COLS/></FIELD><FIELD INDEX="" CONTROL="N"><NAME>SINCE</NAME><TYPE>DATE</TYPE><LBL>Since</LBL><MAXLENGTH>11</MAXLENGTH><DTYPE>DATE</DTYPE><SIZE/><ROWS/><COLS/></FIELD></FLDSET></PART><PART ID="P_MAIN2" NAME="P_MAIN2" WIDTH="50"><FLDSET ID="FST_MAIN2" VIEW="SE" TYPE="SE" INDEX="1"><LBL/><BLOCK>BLK_MAIN</BLOCK><HREQ>0</HREQ><HEIGHT/><WIDTH/><FIELD INDEX="" CONTROL="N"><NAME>GROUP_TYPE</NAME><TYPE>RADIO</TYPE><OPTION ROW="LBL_CORPORATE" COL="1"><ID/><VALUE/><LBL>Corporate</LBL><SELECTED>-1</SELECTED></OPTION><OPTION ROW="LBL_RETAIL_GROUP" COL="1"><ID/><VALUE/><LBL>RETAIL</LBL><SELECTED>-1</SELECTED></OPTION><OPTION ROW="LBL_CHANGE" COL="1"><ID/><VALUE/><LBL>Change</LBL><SELECTED>-1</SELECTED></OPTION><OPTION ROW="LBL_CLEARING" COL="1"><ID/><VALUE/><LBL>Clearing</LBL><SELECTED>-1</SELECTED></OPTION><OPTION ROW="LBL_TAX" COL="1"><ID/><VALUE/><LBL>Tax</LBL><SELECTED>-1</SELECTED></OPTION><LBL>Group Type</LBL><MAXLENGTH>35</MAXLENGTH><DTYPE>VARCHAR2</DTYPE><SIZE/><ROWS/><COLS/></FIELD></FLDSET></PART></SECTION></TAB></BODY><FOOTER><TAB ID="TAB_FOOTER" NAME="TAB_FOOTER" HEIGHT=""><LBL/><SECTION ID="AUDIT_TEMPLATE" NAME="AUDIT_TEMPLATE"><LBL/><PART ID="AUDIT_PART_1" NAME="AUDIT_PART_1" WIDTH="50"><SPRTCNT>4</SPRTCNT><FLDSET ID="FLD_AUDIT1" VIEW="SE" TYPE="SE" INDEX="1"><LBL/><BLOCK>BLK_MAIN</BLOCK><HREQ>0</HREQ><HEIGHT/><WIDTH/><FIELD INDEX="1" SPRT="1"><NAME>MAKER</NAME><ID>MAKER</ID><TYPE>TEXT</TYPE><LBL>Maker</LBL><MAXLENGTH>12</MAXLENGTH><READ_ONLY>-1</READ_ONLY><DTYPE>VARCHAR2</DTYPE><SIZE>12</SIZE><WIDTH>3</WIDTH><ROWS/><COLS/></FIELD><FIELD INDEX="1" SPRT="1"><NAME>CHECKER</NAME><ID>CHECKER</ID><TYPE>TEXT</TYPE><LBL>Checker</LBL><MAXLENGTH>12</MAXLENGTH><READ_ONLY>-1</READ_ONLY><DTYPE>VARCHAR2</DTYPE><SIZE>12</SIZE><ROWS/><COLS/></FIELD><FIELD INDEX="2" SPRT="2"><NAME>MAKERSTAMP</NAME><ID>MAKERSTAMP</ID><TYPE>DATETIME</TYPE><LBL>Date Time:</LBL><MAXLENGTH>15</MAXLENGTH><READ_ONLY>-1</READ_ONLY><DTYPE>DATE</DTYPE><SIZE>15</SIZE><WIDTH>3</WIDTH><ROWS/><COLS/></FIELD><FIELD INDEX="2" SPRT="2"><NAME>CHECKERSTAMP</NAME><ID>CHECKERSTAMP</ID><TYPE>DATETIME</TYPE><LBL>Date Time:</LBL><MAXLENGTH>15</MAXLENGTH><READ_ONLY>-1</READ_ONLY><DTYPE>DATE</DTYPE><SIZE>15</SIZE><ROWS/><COLS/></FIELD><FIELD INDEX="1" SPRT="3"><NAME>MODNO</NAME><ID>MODNO</ID><TYPE>TEXT</TYPE><LBL>Mod No</LBL><MAXLENGTH>8</MAXLENGTH><READ_ONLY>-1</READ_ONLY><DTYPE>NUMBER</DTYPE><MAX_VAL/><MIN_VAL/><SIZE>4</SIZE><ROWS/><COLS/></FIELD><FIELD INDEX="2" SPRT="3"><NAME>ONCEAUTH</NAME><ID>ONCEAUTH</ID><TYPE>HIDDEN</TYPE><LBL/><MAXLENGTH>1</MAXLENGTH><READ_ONLY>-1</READ_ONLY><HIDDEN>-1</HIDDEN><DTYPE>VARCHAR</DTYPE><SIZE>1</SIZE><WIDTH>3</WIDTH><ROWS/><COLS/></FIELD><FIELD INDEX="" SPRT="4"><NAME>TXNSTAT</NAME><ID>TXNSTAT</ID><TYPE>ROSELECT</TYPE><MAX_DECIMALS/><CHECKED>N</CHECKED><OPTION SELECTED="0" VALUE=""/><OPTION VALUE="C">Closed</OPTION><OPTION VALUE="O">Open</OPTION><LBL>Record Status</LBL><MAXLENGTH>1</MAXLENGTH><DTYPE>CHAR</DTYPE><SIZE>1</SIZE><ROWS/><COLS/></FIELD><FIELD INDEX="" SPRT="4"><NAME>AUTHSTAT</NAME><ID>AUTHSTAT</ID><TYPE>ROSELECT</TYPE><MAX_DECIMALS/><CHECKED>N</CHECKED><OPTION SELECTED="0" VALUE=""/><OPTION VALUE="A">Authorized</OPTION><OPTION VALUE="R">Rejected</OPTION><OPTION VALUE="U">Unauthorized</OPTION><LBL>Authorization Status</LBL><MAXLENGTH>1</MAXLENGTH><DTYPE>CHAR</DTYPE><SIZE>1</SIZE><ROWS/><COLS/></FIELD></FLDSET></PART></SECTION></TAB></FOOTER></SCREEN></FORM>