<RAD_FUNCTIONS><FUNCTION_ID>STDKEVI1</FUNCTION_ID><FUNCTION_TYPE>P</FUNCTION_TYPE><FUNCTION_CATEGORY>MAINTENANCE</FUNCTION_CATEGORY><FUNCTION_ORIGIN>CUSTOM</FUNCTION_ORIGIN><PARENT_FUNC_ID/><PARENT_MODULE_ID/><PARENT_ORIGIN/><HEADER_TEMPLATE>NONE</HEADER_TEMPLATE><FOOTER_TEMPLATE>MAINTAUDIT</FOOTER_TEMPLATE><ACTION>LOAD</ACTION><RELEASE_TYPE>CUSTOM</RELEASE_TYPE><CALL_FORM_TYPE>DATA</CALL_FORM_TYPE><LANG_CODE>ENG</LANG_CODE><OPERATION>DEPLOY</OPERATION><ORIGINATION_DATE/><USER_ID>RADTOOL</USER_ID><RELEASE_CODE/><SFR_NO/><CHECKIN_MODE/><SITE_CODE/><SUB_PROJECT/><DDL_REMARKS/><MODIFIED_IN_KERNEL>N</MODIFIED_IN_KERNEL><MODIFIED_IN_CLUSTER>N</MODIFIED_IN_CLUSTER><MODIFIED_IN_CUSTOM>Y</MODIFIED_IN_CUSTOM><MODIFIED_IN_CUSTOMER>N</MODIFIED_IN_CUSTOMER><PARENT_MODIFIED_IN_KERNEL>N</PARENT_MODIFIED_IN_KERNEL><PARENT_MODIFIED_IN_CLUSTER>N</PARENT_MODIFIED_IN_CLUSTER><PARENT_MODIFIED_IN_CUSTOM>N</PARENT_MODIFIED_IN_CUSTOM><PARENT_MODIFIED_IN_CUSTOMER>N</PARENT_MODIFIED_IN_CUSTOMER><TEMP_CORRECTION_DONE>Y</TEMP_CORRECTION_DONE><ORDER_CORRECTION_DONE>D</ORDER_CORRECTION_DONE><XSD_COMMENTS_DEFAULT>N</XSD_COMMENTS_DEFAULT><SVN_USER/><SVN_PASS/><DELET_OLDNODES_DONE>Y</DELET_OLDNODES_DONE><RAD_KERNEL/><RAD_CUSTOM><RAD_FUNC_PREFERENCES ID="MENU"><MODULE_ID>ST</MODULE_ID><MODULE_DESC>Static Maintenance</MODULE_DESC><AUTO_AUTH>Y</AUTO_AUTH><HO_FUNCTION>N</HO_FUNCTION><LOGGING_REQD>N</LOGGING_REQD><FIELD_LOG_REQD>N</FIELD_LOG_REQD><BRANCH_PROGRAM_ID/><PROCESS_CODE/><TANK_MODIFICATIONS>N</TANK_MODIFICATIONS><VCS_FOLDER/><TXN_BLOCK_NAME/><TXN_FIELD_NAME/><SRC_BLOCK_NAME/><SRC_FIELD_NAME/><MULTI_BRANCH_ACCESS>N</MULTI_BRANCH_ACCESS><EXPORT_REQD>N</EXPORT_REQD><ELCM_FUNCTION>N</ELCM_FUNCTION><JAVA_PAYEMNTS_FUNCTION/><MODULE_GROUP_ID/><MODULE_AUTO_AUTH>N</MODULE_AUTO_AUTH><GW_FUNCTION>N</GW_FUNCTION><MENU_DETAILS ID="STDKEVI1"><FUNCTION_ID>STDKEVI1</FUNCTION_ID><LBL_FUNCTION_DESC/><FUNC_MODULE_ID>ST</FUNC_MODULE_ID><FUNCTION_DESC/><CONTROL_STRING>1111111100000000</CONTROL_STRING><LBL_FUNC_MODULE_DESC/><FUNC_MODULE_DESC>Static Maintenance</FUNC_MODULE_DESC></MENU_DETAILS><MENU_DETAILS ID="STSKEVI1"><FUNCTION_ID>STSKEVI1</FUNCTION_ID><LBL_FUNCTION_DESC/><FUNC_MODULE_ID>ST</FUNC_MODULE_ID><FUNCTION_DESC/><CONTROL_STRING>0000000000000000</CONTROL_STRING><LBL_FUNC_MODULE_DESC/><FUNC_MODULE_DESC>Static Maintenance</FUNC_MODULE_DESC></MENU_DETAILS></RAD_FUNC_PREFERENCES><RAD_DATASOURCES ID="TAB_STDKEVI1"><DATASRC_NAME>TAB_STDKEVI1</DATASRC_NAME><DATASRC_ALIAS/><PARENT_DATASRC/><RELATION_WITH_PARENT/><RELATION_TYPE>1</RELATION_TYPE><DEFAULT_WHERE/><IS_MANDATORY>N</IS_MANDATORY><MULTI_RECORD>N</MULTI_RECORD><MASTER_DATASRC>Y</MASTER_DATASRC><PK_COLS>GROUP_CODE</PK_COLS><PK_TYPES>VARCHAR2</PK_TYPES><DEFAULT_ORDER_BY/><DATASRC_TYPE>NORMAL</DATASRC_TYPE><CHILD_DATASRC>N</CHILD_DATASRC><RELEASE_TYPE>CUSTOM</RELEASE_TYPE><RELEASE_NAME>DEFAULT</RELEASE_NAME><UPLOAD_TABLE/><UP_TBL_PK_COLS/><UP_TBL_WHERE_CLAUSE/><REST_BLK_NAME/><REST_RELATION_TYPE/><REST_PK_COLS/><REST_PK_TYPES/><REST_RELATION_WITH_PARENT/><REST_XSD_NODE/><RAD_FIELDS ID="EXPOSURE_CATEGORY"><COLUMN_NAME>EXPOSURE_CATEGORY</COLUMN_NAME><DATATYPE>VARCHAR2</DATATYPE><MAX_LENGTH>35</MAX_LENGTH><BLOCK_NAME>BLK_MAIN</BLOCK_NAME><RELEASE_TYPE>CUSTOM</RELEASE_TYPE><RELEASE_NAME>DEFAULT</RELEASE_NAME><FIELD_NAME>EXPOSURE_CATEGORY</FIELD_NAME><NOT_REQD_IN_UPLOAD_PKGS>N</NOT_REQD_IN_UPLOAD_PKGS><UPLD_TABLE_COLUMN/><MAX_DECIMALS/></RAD_FIELDS><RAD_FIELDS ID="GROUP_CODE"><COLUMN_NAME>GROUP_CODE</COLUMN_NAME><DATATYPE>VARCHAR2</DATATYPE><MAX_LENGTH>35</MAX_LENGTH><BLOCK_NAME>BLK_MAIN</BLOCK_NAME><RELEASE_TYPE>CUSTOM</RELEASE_TYPE><RELEASE_NAME>DEFAULT</RELEASE_NAME><FIELD_NAME>GROUP_CODE</FIELD_NAME><NOT_REQD_IN_UPLOAD_PKGS/><UPLD_TABLE_COLUMN/><MAX_DECIMALS/></RAD_FIELDS><RAD_FIELDS ID="GROUP_STATUS"><COLUMN_NAME>GROUP_STATUS</COLUMN_NAME><DATATYPE>VARCHAR2</DATATYPE><MAX_LENGTH>35</MAX_LENGTH><BLOCK_NAME>BLK_MAIN</BLOCK_NAME><RELEASE_TYPE>CUSTOM</RELEASE_TYPE><RELEASE_NAME>DEFAULT</RELEASE_NAME><FIELD_NAME>GROUP_STATUS</FIELD_NAME><NOT_REQD_IN_UPLOAD_PKGS/><UPLD_TABLE_COLUMN/><MAX_DECIMALS/></RAD_FIELDS><RAD_FIELDS ID="GROUP_TYPE"><COLUMN_NAME>GROUP_TYPE</COLUMN_NAME><DATATYPE>VARCHAR2</DATATYPE><MAX_LENGTH>35</MAX_LENGTH><BLOCK_NAME>BLK_MAIN</BLOCK_NAME><RELEASE_TYPE>CUSTOM</RELEASE_TYPE><RELEASE_NAME>DEFAULT</RELEASE_NAME><FIELD_NAME>GROUP_TYPE</FIELD_NAME><NOT_REQD_IN_UPLOAD_PKGS/><UPLD_TABLE_COLUMN/><MAX_DECIMALS/></RAD_FIELDS><RAD_FIELDS ID="SINCE"><COLUMN_NAME>SINCE</COLUMN_NAME><DATATYPE>DATE</DATATYPE><MAX_LENGTH>7</MAX_LENGTH><BLOCK_NAME>BLK_MAIN</BLOCK_NAME><RELEASE_TYPE>CUSTOM</RELEASE_TYPE><RELEASE_NAME>DEFAULT</RELEASE_NAME><FIELD_NAME>SINCE</FIELD_NAME><NOT_REQD_IN_UPLOAD_PKGS/><UPLD_TABLE_COLUMN/><MAX_DECIMALS/></RAD_FIELDS><RAD_FIELDS ID="TAB_DESCRIPTION"><COLUMN_NAME>TAB_DESCRIPTION</COLUMN_NAME><DATATYPE>VARCHAR2</DATATYPE><MAX_LENGTH>255</MAX_LENGTH><BLOCK_NAME>BLK_MAIN</BLOCK_NAME><RELEASE_TYPE>CUSTOM</RELEASE_TYPE><RELEASE_NAME>DEFAULT</RELEASE_NAME><FIELD_NAME>TAB_DESCRIPTION</FIELD_NAME><NOT_REQD_IN_UPLOAD_PKGS/><UPLD_TABLE_COLUMN/><MAX_DECIMALS/></RAD_FIELDS></RAD_DATASOURCES><RAD_SCREENS ID="CVS_MAIN"><SCREEN_NAME>CVS_MAIN</SCREEN_NAME><SCREEN_TITLE>Group Code Maintenance</SCREEN_TITLE><SCREEN_POSITION>TEMPLATE</SCREEN_POSITION><EXIT_BUTTON_TYPE>1</EXIT_BUTTON_TYPE><MAIN_SCREEN>Y</MAIN_SCREEN><SCREEN_SIZE>SMALL</SCREEN_SIZE><RELEASE_TYPE>CUSTOM</RELEASE_TYPE><RELEASE_NAME>DEFAULT</RELEASE_NAME><SCREEN_VISIBLE>Y</SCREEN_VISIBLE><SCREEN_OBIEE>N</SCREEN_OBIEE><SCREEN_QUERYREQ>Y</SCREEN_QUERYREQ><IMGFLD_QUERYREQ>N</IMGFLD_QUERYREQ><HEADER ID="HEADER"><TAB_VISIBLE>Y</TAB_VISIBLE><DEPENDENT_ON/><RELEASE_TYPE>CUSTOM</RELEASE_TYPE><RELEASE_NAME>BASE_RELEASE</RELEASE_NAME><TAB_TYPE>SERVICE</TAB_TYPE><TAB_LABEL/><TAB_NAME/><SCREEN_NAME/><RAD_TABS ID="TAB_HEADER"><TAB_NAME>TAB_HEADER</TAB_NAME><SCREEN_NAME>CVS_MAIN</SCREEN_NAME><TAB_LABEL/><RELEASE_TYPE>CUSTOM</RELEASE_TYPE><RELEASE_NAME>DEFAULT</RELEASE_NAME><DEPENDENT_ON/><TAB_TYPE/><TAB_VISIBLE>Y</TAB_VISIBLE><TAB_ORDER>1</TAB_ORDER></RAD_TABS></HEADER><BODY ID="BODY"><RAD_TABS ID="TAB_MAIN"><TAB_NAME>TAB_MAIN</TAB_NAME><SCREEN_NAME>CVS_MAIN</SCREEN_NAME><TAB_LABEL/><RELEASE_TYPE>CUSTOM</RELEASE_TYPE><RELEASE_NAME>DEFAULT</RELEASE_NAME><DEPENDENT_ON/><TAB_TYPE/><TAB_VISIBLE>Y</TAB_VISIBLE><TAB_ORDER>1</TAB_ORDER><RAD_SECTIONS ID="SEC_MAIN"><SECTION_ID/><DEPENDENT_ON/><SECTION_NAME>SEC_MAIN</SECTION_NAME><SCREEN_PORTION>BODY</SCREEN_PORTION><TAB_NAME>TAB_MAIN</TAB_NAME><RELEASE_TYPE>CUSTOM</RELEASE_TYPE><RELEASE_NAME>DEFAULT</RELEASE_NAME><SEC_VISIBLE>Y</SEC_VISIBLE><SEC_ORDER>1</SEC_ORDER><COLLAPSE>N</COLLAPSE><SECTION_LBL/><MULTIPLE_SEC>N</MULTIPLE_SEC><RAD_PARTITIONS ID="1"><PARTITION_SL_NO>1</PARTITION_SL_NO><PARTITION_NAME>P_MAIN1</PARTITION_NAME><PARTITION_WIDTH>50</PARTITION_WIDTH><NO_OF_SUBPARTITIONS/><RELEASE_TYPE>CUSTOM</RELEASE_TYPE><RELEASE_NAME>DEFAULT</RELEASE_NAME></RAD_PARTITIONS><RAD_PARTITIONS ID="2"><PARTITION_SL_NO>2</PARTITION_SL_NO><PARTITION_NAME>P_MAIN2</PARTITION_NAME><PARTITION_WIDTH>50</PARTITION_WIDTH><NO_OF_SUBPARTITIONS/><RELEASE_TYPE>CUSTOM</RELEASE_TYPE><RELEASE_NAME>DEFAULT</RELEASE_NAME></RAD_PARTITIONS></RAD_SECTIONS></RAD_TABS></BODY><FOOTER ID="FOOTER"><RAD_TABS ID="TAB_FOOTER"><TAB_NAME>TAB_FOOTER</TAB_NAME><SCREEN_NAME>CVS_MAIN</SCREEN_NAME><TAB_LABEL/><RELEASE_TYPE>CUSTOM</RELEASE_TYPE><RELEASE_NAME>DEFAULT</RELEASE_NAME><DEPENDENT_ON/><TAB_TYPE/><TAB_VISIBLE>Y</TAB_VISIBLE><TAB_ORDER>1</TAB_ORDER></RAD_TABS></FOOTER></RAD_SCREENS><RAD_DATA_BLOCKS ID="BLK_MAIN"><BLOCK_NAME>BLK_MAIN</BLOCK_NAME><BLOCK_TITLE/><MASTER_BLOCK>Y</MASTER_BLOCK><VIEW_TYPE/><MULTI_RECORD>N</MULTI_RECORD><BLOCK_PARENT/><XSD_NODE>Main</XSD_NODE><RELATION_TYPE>1</RELATION_TYPE><ROWS_PER_PAGE/><BLOCK_TYPE>NORMAL</BLOCK_TYPE><RELEASE_TYPE>CUSTOM</RELEASE_TYPE><RELEASE_NAME>DEFAULT</RELEASE_NAME><NEW_ALLOWED_IN>QUERY~MODIFY</NEW_ALLOWED_IN><DELETE_ALLOWED_IN/><ALL_RECORDS/><MANDATORY_IN/><BLK_PK_FLD/><DATA_BLK_ORDER>1</DATA_BLK_ORDER><BLK_COMMENT_ID/><BLK_DATASOURCES ID="TAB_STDKEVI1"><DATASOURCE_NAME>TAB_STDKEVI1</DATASOURCE_NAME></BLK_DATASOURCES><RAD_BLK_FIELDS ID="EXPOSURE_CATEGORY"><BLOCK_PK_FLD>N</BLOCK_PK_FLD><FIELD_NAME>EXPOSURE_CATEGORY</FIELD_NAME><FIELD_SIZE/><DATATYPE>VARCHAR2</DATATYPE><MAX_LENGTH>35</MAX_LENGTH><REQUIRED>N</REQUIRED><DISPLAY_TYPE>LOV</DISPLAY_TYPE><CLASSID/><LABEL_CODE>LBL_EXPOSURE_CATEGORY</LABEL_CODE><DEFAULT_VALUE/><RELATED_BLOCK/><RELATED_FIELD/><PARENT_FIELD/><LOV_NAME>LOV_EXPOSURE_CATEGORY</LOV_NAME><GLOBAL_LOV_NAME/><OFF_LINE_LOV_NAME/><GLOBAL_OFF_LINE_LOV_NAME/><POPEDIT_REQUIRED>N</POPEDIT_REQUIRED><INPUT_ONLY_BY_LOV>N</INPUT_ONLY_BY_LOV><XSD_TAG>EXPOSURE_CATEGORY</XSD_TAG><DBT>TAB_STDKEVI1</DBT><DBC>EXPOSURE_CATEGORY</DBC><FIELDSET_NAME>FST_MAIN1</FIELDSET_NAME><READ_ONLY>N</READ_ONLY><CALENDAR_TEXT>N</CALENDAR_TEXT><SUBSYSTEM_DEPENDANT>N</SUBSYSTEM_DEPENDANT><MIN_VAL/><MAX_VAL/><MAX_DECIMALS/><CHECKED>N</CHECKED><TXTAREA_ROWS/><ITEM_TYPE>DBITEM</ITEM_TYPE><VISIBLE>Y</VISIBLE><CHK_UPPERCASE>N</CHK_UPPERCASE><TXTAREA_COLS/><AMENDABLE_IN>QUERY~MODIFY</AMENDABLE_IN><RELEASE_TYPE>CUSTOM</RELEASE_TYPE><RELEASE_NAME>DEFAULT</RELEASE_NAME><NOT_REQD_IN_XSD>N</NOT_REQD_IN_XSD><LOV_VAL_REQ>Y</LOV_VAL_REQ><PREVIEW_VALUE/><MASK_ID/><BLK_FIELD_ORDER>1</BLK_FIELD_ORDER><REPORT_PARAMETER>N</REPORT_PARAMETER><XSD_ANNOTATION/><FORMAT_REQD>N</FORMAT_REQD><HOTKEYREQ>N</HOTKEYREQ><FOCUSREQ>N</FOCUSREQ><EXACT_FETCH>N</EXACT_FETCH><HOTKEYREQJA>N</HOTKEYREQJA><FLD_COMMENT_ID/><CHK_TRIM/><RAD_RETURN_FIELDS ID="EXPOSURE_CATEGORY"><QUERY_COLUMN>EXPOSURE_CATEGORY</QUERY_COLUMN><RETURN_BLK_NAME>BLK_MAIN</RETURN_BLK_NAME><RETURN_FLD_NAME>EXPOSURE_CATEGORY</RETURN_FLD_NAME></RAD_RETURN_FIELDS></RAD_BLK_FIELDS><RAD_BLK_FIELDS ID="GROUP_CODE"><BLOCK_PK_FLD>N</BLOCK_PK_FLD><FIELD_NAME>GROUP_CODE</FIELD_NAME><FIELD_SIZE/><DATATYPE>VARCHAR2</DATATYPE><MAX_LENGTH>35</MAX_LENGTH><REQUIRED>Y</REQUIRED><DISPLAY_TYPE>TEXT</DISPLAY_TYPE><CLASSID/><LABEL_CODE>LBL_GROUP_CODE</LABEL_CODE><DEFAULT_VALUE/><RELATED_BLOCK/><RELATED_FIELD/><PARENT_FIELD/><LOV_NAME/><GLOBAL_LOV_NAME/><OFF_LINE_LOV_NAME/><GLOBAL_OFF_LINE_LOV_NAME/><POPEDIT_REQUIRED>N</POPEDIT_REQUIRED><INPUT_ONLY_BY_LOV>N</INPUT_ONLY_BY_LOV><XSD_TAG>GROUP_CODE</XSD_TAG><DBT>TAB_STDKEVI1</DBT><DBC>GROUP_CODE</DBC><FIELDSET_NAME>FST_MAIN1</FIELDSET_NAME><READ_ONLY>N</READ_ONLY><CALENDAR_TEXT>N</CALENDAR_TEXT><SUBSYSTEM_DEPENDANT>N</SUBSYSTEM_DEPENDANT><MIN_VAL/><MAX_VAL/><MAX_DECIMALS/><CHECKED>N</CHECKED><TXTAREA_ROWS/><ITEM_TYPE>DBITEM</ITEM_TYPE><VISIBLE>Y</VISIBLE><CHK_UPPERCASE>N</CHK_UPPERCASE><TXTAREA_COLS/><AMENDABLE_IN>QUERY~MODIFY</AMENDABLE_IN><RELEASE_TYPE>CUSTOM</RELEASE_TYPE><RELEASE_NAME>DEFAULT</RELEASE_NAME><NOT_REQD_IN_XSD>N</NOT_REQD_IN_XSD><LOV_VAL_REQ>Y</LOV_VAL_REQ><PREVIEW_VALUE/><MASK_ID/><BLK_FIELD_ORDER>2</BLK_FIELD_ORDER><REPORT_PARAMETER>N</REPORT_PARAMETER><XSD_ANNOTATION/><FORMAT_REQD>N</FORMAT_REQD><HOTKEYREQ>N</HOTKEYREQ><FOCUSREQ>N</FOCUSREQ><EXACT_FETCH>N</EXACT_FETCH><HOTKEYREQJA>N</HOTKEYREQJA><FLD_COMMENT_ID/><CHK_TRIM/></RAD_BLK_FIELDS><RAD_BLK_FIELDS ID="GROUP_STATUS"><BLOCK_PK_FLD>N</BLOCK_PK_FLD><FIELD_NAME>GROUP_STATUS</FIELD_NAME><FIELD_SIZE/><DATATYPE>VARCHAR2</DATATYPE><MAX_LENGTH>35</MAX_LENGTH><REQUIRED>N</REQUIRED><DISPLAY_TYPE>TEXT</DISPLAY_TYPE><CLASSID/><LABEL_CODE>LBL_GROUP_STATUS</LABEL_CODE><DEFAULT_VALUE/><RELATED_BLOCK/><RELATED_FIELD/><PARENT_FIELD/><LOV_NAME/><GLOBAL_LOV_NAME/><OFF_LINE_LOV_NAME/><GLOBAL_OFF_LINE_LOV_NAME/><POPEDIT_REQUIRED>N</POPEDIT_REQUIRED><INPUT_ONLY_BY_LOV>N</INPUT_ONLY_BY_LOV><XSD_TAG>GROUP_STATUS</XSD_TAG><DBT>TAB_STDKEVI1</DBT><DBC>GROUP_STATUS</DBC><FIELDSET_NAME>FST_MAIN1</FIELDSET_NAME><READ_ONLY>N</READ_ONLY><CALENDAR_TEXT>N</CALENDAR_TEXT><SUBSYSTEM_DEPENDANT>N</SUBSYSTEM_DEPENDANT><MIN_VAL/><MAX_VAL/><MAX_DECIMALS/><CHECKED>N</CHECKED><TXTAREA_ROWS/><ITEM_TYPE>DBITEM</ITEM_TYPE><VISIBLE>Y</VISIBLE><CHK_UPPERCASE>N</CHK_UPPERCASE><TXTAREA_COLS/><AMENDABLE_IN>QUERY~MODIFY</AMENDABLE_IN><RELEASE_TYPE>CUSTOM</RELEASE_TYPE><RELEASE_NAME>DEFAULT</RELEASE_NAME><NOT_REQD_IN_XSD>N</NOT_REQD_IN_XSD><LOV_VAL_REQ>Y</LOV_VAL_REQ><PREVIEW_VALUE/><MASK_ID/><BLK_FIELD_ORDER>3</BLK_FIELD_ORDER><REPORT_PARAMETER>N</REPORT_PARAMETER><XSD_ANNOTATION/><FORMAT_REQD>N</FORMAT_REQD><HOTKEYREQ>N</HOTKEYREQ><FOCUSREQ>N</FOCUSREQ><EXACT_FETCH>N</EXACT_FETCH><HOTKEYREQJA>N</HOTKEYREQJA><FLD_COMMENT_ID/><CHK_TRIM/></RAD_BLK_FIELDS><RAD_BLK_FIELDS ID="GROUP_TYPE"><BLOCK_PK_FLD>N</BLOCK_PK_FLD><FIELD_NAME>GROUP_TYPE</FIELD_NAME><FIELD_SIZE/><DATATYPE>VARCHAR2</DATATYPE><MAX_LENGTH>35</MAX_LENGTH><REQUIRED>N</REQUIRED><DISPLAY_TYPE>RADIO</DISPLAY_TYPE><CLASSID/><LABEL_CODE>LBL_GROUP_TYPE</LABEL_CODE><DEFAULT_VALUE/><RELATED_BLOCK/><RELATED_FIELD/><PARENT_FIELD/><LOV_NAME/><GLOBAL_LOV_NAME/><OFF_LINE_LOV_NAME/><GLOBAL_OFF_LINE_LOV_NAME/><POPEDIT_REQUIRED>N</POPEDIT_REQUIRED><INPUT_ONLY_BY_LOV>N</INPUT_ONLY_BY_LOV><XSD_TAG>GROUP_TYPE</XSD_TAG><DBT>TAB_STDKEVI1</DBT><DBC>GROUP_TYPE</DBC><FIELDSET_NAME>FST_MAIN2</FIELDSET_NAME><READ_ONLY>N</READ_ONLY><CALENDAR_TEXT>N</CALENDAR_TEXT><SUBSYSTEM_DEPENDANT>N</SUBSYSTEM_DEPENDANT><MIN_VAL/><MAX_VAL/><MAX_DECIMALS/><CHECKED>N</CHECKED><TXTAREA_ROWS/><ITEM_TYPE>DBITEM</ITEM_TYPE><VISIBLE>Y</VISIBLE><CHK_UPPERCASE>N</CHK_UPPERCASE><TXTAREA_COLS/><AMENDABLE_IN>QUERY~MODIFY</AMENDABLE_IN><RELEASE_TYPE>CUSTOM</RELEASE_TYPE><RELEASE_NAME>DEFAULT</RELEASE_NAME><NOT_REQD_IN_XSD>N</NOT_REQD_IN_XSD><LOV_VAL_REQ>Y</LOV_VAL_REQ><PREVIEW_VALUE/><MASK_ID/><BLK_FIELD_ORDER>4</BLK_FIELD_ORDER><REPORT_PARAMETER>N</REPORT_PARAMETER><XSD_ANNOTATION/><FORMAT_REQD>N</FORMAT_REQD><HOTKEYREQ>N</HOTKEYREQ><FOCUSREQ>N</FOCUSREQ><EXACT_FETCH>N</EXACT_FETCH><HOTKEYREQJA>N</HOTKEYREQJA><FLD_COMMENT_ID/><CHK_TRIM/><RAD_FIELD_CUSTOM_ATTRS ID="LBL_CORPORATE"><ATTR_NAME>LBL_CORPORATE</ATTR_NAME><ATTR_VALUE/><RELEASE_NAME>DEFAULT</RELEASE_NAME><RELEASE_TYPE>CUSTOM</RELEASE_TYPE><ACTIVE>Y</ACTIVE><ATTR_POSITION>1</ATTR_POSITION></RAD_FIELD_CUSTOM_ATTRS><RAD_FIELD_CUSTOM_ATTRS ID="LBL_RETAIL_GROUP"><ATTR_NAME>LBL_RETAIL_GROUP</ATTR_NAME><ATTR_VALUE/><RELEASE_NAME>DEFAULT</RELEASE_NAME><RELEASE_TYPE>CUSTOM</RELEASE_TYPE><ACTIVE>Y</ACTIVE><ATTR_POSITION>2</ATTR_POSITION></RAD_FIELD_CUSTOM_ATTRS><RAD_FIELD_CUSTOM_ATTRS ID="LBL_CHANGE"><ATTR_NAME>LBL_CHANGE</ATTR_NAME><ATTR_VALUE/><RELEASE_NAME>DEFAULT</RELEASE_NAME><RELEASE_TYPE>CUSTOM</RELEASE_TYPE><ACTIVE>Y</ACTIVE><ATTR_POSITION>3</ATTR_POSITION></RAD_FIELD_CUSTOM_ATTRS><RAD_FIELD_CUSTOM_ATTRS ID="LBL_CLEARING"><ATTR_NAME>LBL_CLEARING</ATTR_NAME><ATTR_VALUE/><RELEASE_NAME>DEFAULT</RELEASE_NAME><RELEASE_TYPE>CUSTOM</RELEASE_TYPE><ACTIVE>Y</ACTIVE><ATTR_POSITION>4</ATTR_POSITION></RAD_FIELD_CUSTOM_ATTRS><RAD_FIELD_CUSTOM_ATTRS ID="LBL_TAX"><ATTR_NAME>LBL_TAX</ATTR_NAME><ATTR_VALUE/><RELEASE_NAME>DEFAULT</RELEASE_NAME><RELEASE_TYPE>CUSTOM</RELEASE_TYPE><ACTIVE>Y</ACTIVE><ATTR_POSITION>5</ATTR_POSITION></RAD_FIELD_CUSTOM_ATTRS></RAD_BLK_FIELDS><RAD_BLK_FIELDS ID="SINCE"><BLOCK_PK_FLD>N</BLOCK_PK_FLD><FIELD_NAME>SINCE</FIELD_NAME><FIELD_SIZE/><DATATYPE>DATE</DATATYPE><MAX_LENGTH>7</MAX_LENGTH><REQUIRED>N</REQUIRED><DISPLAY_TYPE>DATE</DISPLAY_TYPE><CLASSID/><LABEL_CODE>LBL_SINCE</LABEL_CODE><DEFAULT_VALUE/><RELATED_BLOCK/><RELATED_FIELD/><PARENT_FIELD/><LOV_NAME/><GLOBAL_LOV_NAME/><OFF_LINE_LOV_NAME/><GLOBAL_OFF_LINE_LOV_NAME/><POPEDIT_REQUIRED>N</POPEDIT_REQUIRED><INPUT_ONLY_BY_LOV>N</INPUT_ONLY_BY_LOV><XSD_TAG>SINCE</XSD_TAG><DBT>TAB_STDKEVI1</DBT><DBC>SINCE</DBC><FIELDSET_NAME>FST_MAIN1</FIELDSET_NAME><READ_ONLY>N</READ_ONLY><CALENDAR_TEXT>N</CALENDAR_TEXT><SUBSYSTEM_DEPENDANT>N</SUBSYSTEM_DEPENDANT><MIN_VAL/><MAX_VAL/><MAX_DECIMALS/><CHECKED>N</CHECKED><TXTAREA_ROWS/><ITEM_TYPE>DBITEM</ITEM_TYPE><VISIBLE>Y</VISIBLE><CHK_UPPERCASE>N</CHK_UPPERCASE><TXTAREA_COLS/><AMENDABLE_IN>QUERY~MODIFY</AMENDABLE_IN><RELEASE_TYPE>CUSTOM</RELEASE_TYPE><RELEASE_NAME>DEFAULT</RELEASE_NAME><NOT_REQD_IN_XSD>N</NOT_REQD_IN_XSD><LOV_VAL_REQ>Y</LOV_VAL_REQ><PREVIEW_VALUE/><MASK_ID/><BLK_FIELD_ORDER>5</BLK_FIELD_ORDER><REPORT_PARAMETER>N</REPORT_PARAMETER><XSD_ANNOTATION/><FORMAT_REQD>N</FORMAT_REQD><HOTKEYREQ>N</HOTKEYREQ><FOCUSREQ>N</FOCUSREQ><EXACT_FETCH>N</EXACT_FETCH><HOTKEYREQJA>N</HOTKEYREQJA><FLD_COMMENT_ID/><CHK_TRIM/></RAD_BLK_FIELDS><RAD_BLK_FIELDS ID="TAB_DESCRIPTION"><BLOCK_PK_FLD>N</BLOCK_PK_FLD><FIELD_NAME>TAB_DESCRIPTION</FIELD_NAME><FIELD_SIZE/><DATATYPE>VARCHAR2</DATATYPE><MAX_LENGTH>255</MAX_LENGTH><REQUIRED>N</REQUIRED><DISPLAY_TYPE>TEXT</DISPLAY_TYPE><CLASSID/><LABEL_CODE>LBL_FILE_CON_CDE_DESC</LABEL_CODE><DEFAULT_VALUE/><RELATED_BLOCK/><RELATED_FIELD/><PARENT_FIELD/><LOV_NAME/><GLOBAL_LOV_NAME/><OFF_LINE_LOV_NAME/><GLOBAL_OFF_LINE_LOV_NAME/><POPEDIT_REQUIRED>N</POPEDIT_REQUIRED><INPUT_ONLY_BY_LOV>N</INPUT_ONLY_BY_LOV><XSD_TAG>FILE_CON_CDE_DESC</XSD_TAG><DBT>TAB_STDKEVI1</DBT><DBC>TAB_DESCRIPTION</DBC><FIELDSET_NAME>FST_MAIN1</FIELDSET_NAME><READ_ONLY>N</READ_ONLY><CALENDAR_TEXT>N</CALENDAR_TEXT><SUBSYSTEM_DEPENDANT>N</SUBSYSTEM_DEPENDANT><MIN_VAL/><MAX_VAL/><MAX_DECIMALS/><CHECKED>N</CHECKED><TXTAREA_ROWS/><ITEM_TYPE>DBITEM</ITEM_TYPE><VISIBLE>Y</VISIBLE><CHK_UPPERCASE>N</CHK_UPPERCASE><TXTAREA_COLS/><AMENDABLE_IN>QUERY~MODIFY</AMENDABLE_IN><RELEASE_TYPE>CUSTOM</RELEASE_TYPE><RELEASE_NAME>DEFAULT</RELEASE_NAME><NOT_REQD_IN_XSD>N</NOT_REQD_IN_XSD><LOV_VAL_REQ>Y</LOV_VAL_REQ><PREVIEW_VALUE/><MASK_ID/><BLK_FIELD_ORDER>6</BLK_FIELD_ORDER><REPORT_PARAMETER>N</REPORT_PARAMETER><XSD_ANNOTATION/><FORMAT_REQD>N</FORMAT_REQD><HOTKEYREQ>N</HOTKEYREQ><FOCUSREQ>N</FOCUSREQ><EXACT_FETCH>N</EXACT_FETCH><HOTKEYREQJA>N</HOTKEYREQJA><FLD_COMMENT_ID/><CHK_TRIM/></RAD_BLK_FIELDS></RAD_DATA_BLOCKS><RAD_FIELDSETS ID="FST_MAIN1"><FIELDSET_NAME>FST_MAIN1</FIELDSET_NAME><FIELDSET_SCREEN>CVS_MAIN</FIELDSET_SCREEN><FIELDSET_PORTION>BODY</FIELDSET_PORTION><FIELDSET_BLOCK>BLK_MAIN</FIELDSET_BLOCK><FIELDSET_TAB>TAB_MAIN</FIELDSET_TAB><FIELDSET_SECTION>SEC_MAIN</FIELDSET_SECTION><FIELDSET_PARTITION>P_MAIN1</FIELDSET_PARTITION><VIEW_TYPE>SINGLE</VIEW_TYPE><HORIZONTAL_FIELDSET>N</HORIZONTAL_FIELDSET><MULTI_RECORD>N</MULTI_RECORD><FIELDSET_LABEL/><NAV_BUTTONS_REQ>N</NAV_BUTTONS_REQ><FIELDSET_HEIGHT/><FIELDSET_WIDTH/><RELEASE_TYPE>CUSTOM</RELEASE_TYPE><RELEASE_NAME>DEFAULT</RELEASE_NAME><ROWS_PER_PAGE/><FIELDSET_VISIBLE>Y</FIELDSET_VISIBLE><FIELDSET_ORDER>1</FIELDSET_ORDER><FIELDSET_READ_ONLY>N</FIELDSET_READ_ONLY><FIELDSET_TYPE>Normal</FIELDSET_TYPE><NAV_BTN_FULL_WIDTH>N</NAV_BTN_FULL_WIDTH><FIELDSET_IMAGE>N</FIELDSET_IMAGE><FIELDSET_FIELDS ID="GROUP_CODE"><FIELD_NAME>GROUP_CODE</FIELD_NAME><DBT/><SUBPARTITION_NAME/><RELEASE_TYPE>CUSTOM</RELEASE_TYPE><RELEASE_NAME>DEFAULT</RELEASE_NAME><ACTIVE>Y</ACTIVE><FIELD_ORDER>1</FIELD_ORDER></FIELDSET_FIELDS><FIELDSET_FIELDS ID="TAB_DESCRIPTION"><FIELD_NAME>TAB_DESCRIPTION</FIELD_NAME><DBT/><SUBPARTITION_NAME/><RELEASE_TYPE>CUSTOM</RELEASE_TYPE><RELEASE_NAME>DEFAULT</RELEASE_NAME><ACTIVE>Y</ACTIVE><FIELD_ORDER>2</FIELD_ORDER></FIELDSET_FIELDS><FIELDSET_FIELDS ID="EXPOSURE_CATEGORY"><FIELD_NAME>EXPOSURE_CATEGORY</FIELD_NAME><DBT/><SUBPARTITION_NAME/><RELEASE_TYPE>CUSTOM</RELEASE_TYPE><RELEASE_NAME>DEFAULT</RELEASE_NAME><ACTIVE>Y</ACTIVE><FIELD_ORDER>3</FIELD_ORDER></FIELDSET_FIELDS><FIELDSET_FIELDS ID="GROUP_STATUS"><FIELD_NAME>GROUP_STATUS</FIELD_NAME><DBT/><SUBPARTITION_NAME/><RELEASE_TYPE>CUSTOM</RELEASE_TYPE><RELEASE_NAME>DEFAULT</RELEASE_NAME><ACTIVE>Y</ACTIVE><FIELD_ORDER>4</FIELD_ORDER></FIELDSET_FIELDS><FIELDSET_FIELDS ID="SINCE"><FIELD_NAME>SINCE</FIELD_NAME><DBT/><SUBPARTITION_NAME/><RELEASE_TYPE>CUSTOM</RELEASE_TYPE><RELEASE_NAME>DEFAULT</RELEASE_NAME><ACTIVE>Y</ACTIVE><FIELD_ORDER>5</FIELD_ORDER></FIELDSET_FIELDS></RAD_FIELDSETS><RAD_FIELDSETS ID="FST_MAIN2"><FIELDSET_NAME>FST_MAIN2</FIELDSET_NAME><FIELDSET_SCREEN>CVS_MAIN</FIELDSET_SCREEN><FIELDSET_PORTION>BODY</FIELDSET_PORTION><FIELDSET_BLOCK>BLK_MAIN</FIELDSET_BLOCK><FIELDSET_TAB>TAB_MAIN</FIELDSET_TAB><FIELDSET_SECTION>SEC_MAIN</FIELDSET_SECTION><FIELDSET_PARTITION>P_MAIN2</FIELDSET_PARTITION><VIEW_TYPE>SINGLE</VIEW_TYPE><HORIZONTAL_FIELDSET>N</HORIZONTAL_FIELDSET><MULTI_RECORD>N</MULTI_RECORD><FIELDSET_LABEL/><NAV_BUTTONS_REQ>N</NAV_BUTTONS_REQ><FIELDSET_HEIGHT/><FIELDSET_WIDTH/><RELEASE_TYPE>CUSTOM</RELEASE_TYPE><RELEASE_NAME>DEFAULT</RELEASE_NAME><ROWS_PER_PAGE/><FIELDSET_VISIBLE>Y</FIELDSET_VISIBLE><FIELDSET_ORDER>2</FIELDSET_ORDER><FIELDSET_READ_ONLY>N</FIELDSET_READ_ONLY><FIELDSET_TYPE>Normal</FIELDSET_TYPE><NAV_BTN_FULL_WIDTH>N</NAV_BTN_FULL_WIDTH><FIELDSET_IMAGE>N</FIELDSET_IMAGE><FIELDSET_FIELDS ID="GROUP_TYPE"><FIELD_NAME>GROUP_TYPE</FIELD_NAME><DBT/><SUBPARTITION_NAME/><RELEASE_TYPE>CUSTOM</RELEASE_TYPE><RELEASE_NAME>DEFAULT</RELEASE_NAME><ACTIVE>Y</ACTIVE><FIELD_ORDER>1</FIELD_ORDER></FIELDSET_FIELDS></RAD_FIELDSETS><RAD_LOVS ID="LOV_EXPOSURE_CATEGORY"><LOV_NAME>LOV_EXPOSURE_CATEGORY</LOV_NAME><LOV_QUERY>SELECT EXPOSURE_CATEGORY FROM STDKEVI1_CATEGORY</LOV_QUERY><RELEASE_NAME>DEFAULT</RELEASE_NAME><RELEASE_TYPE>CUSTOM</RELEASE_TYPE><LOV_STATUS/><EXTERNAL_LOV_NAME/><LOV_FUNC_NAME/><COMBINED_QUERY_DTLS/><COMBINED_DTLS/><NO_DATA_FRM_EXT_SYS_PREF/><LOV_ID_OTHER/><RAD_LOV_DETAILS ID="EXPOSURE_CATEGORY"><QUERY_COLS>EXPOSURE_CATEGORY</QUERY_COLS><DATATYPE>VARCHAR2</DATATYPE><VISIBLE>Y</VISIBLE><REDN_FLD_TYPE>TEXT</REDN_FLD_TYPE><COL_HEADING>LBL_CATEGORY</COL_HEADING><REDN_FLD_FLAG>Y</REDN_FLD_FLAG><IS_INDEXED>N</IS_INDEXED><MIN_SEARCH_CHAR_LEN/></RAD_LOV_DETAILS></RAD_LOVS><RAD_ACTIONS><REST_MICRO_ENABLED>N</REST_MICRO_ENABLED><REST_ENABLED>N</REST_ENABLED><SERVICE_NAME/><REST_SERVICE_NAME/><OPERATION_ID/><RAD_XSD_TYPE_NAME/><XSD_MODULE_FOLDER/><RAD_ACTION ID="QUERY"><ACTION_CODE>QUERY</ACTION_CODE><OPERATION_CODE/><WEBSERVICE_APPLICABLE>N</WEBSERVICE_APPLICABLE><ACTION_STAGE_TYPE>2</ACTION_STAGE_TYPE><FSREQ_CMT_ID/><IOREQ_CMT_ID/><FSRES_CMT_ID/><PKRES_CMT_ID/><REST_OPERATION_ENABLED>N</REST_OPERATION_ENABLED></RAD_ACTION><RAD_ACTION ID="NEW"><ACTION_CODE>NEW</ACTION_CODE><OPERATION_CODE/><WEBSERVICE_APPLICABLE>N</WEBSERVICE_APPLICABLE><ACTION_STAGE_TYPE>2</ACTION_STAGE_TYPE><FSREQ_CMT_ID/><IOREQ_CMT_ID/><FSRES_CMT_ID/><PKRES_CMT_ID/><REST_OPERATION_ENABLED>N</REST_OPERATION_ENABLED></RAD_ACTION><RAD_ACTION ID="MODIFY"><ACTION_CODE>MODIFY</ACTION_CODE><OPERATION_CODE/><WEBSERVICE_APPLICABLE>N</WEBSERVICE_APPLICABLE><ACTION_STAGE_TYPE>2</ACTION_STAGE_TYPE><FSREQ_CMT_ID/><IOREQ_CMT_ID/><FSRES_CMT_ID/><PKRES_CMT_ID/><REST_OPERATION_ENABLED>N</REST_OPERATION_ENABLED></RAD_ACTION><RAD_ACTION ID="AUTHORIZE"><ACTION_CODE>AUTHORIZE</ACTION_CODE><OPERATION_CODE/><WEBSERVICE_APPLICABLE>N</WEBSERVICE_APPLICABLE><ACTION_STAGE_TYPE>1</ACTION_STAGE_TYPE><FSREQ_CMT_ID/><IOREQ_CMT_ID/><FSRES_CMT_ID/><PKRES_CMT_ID/><REST_OPERATION_ENABLED>N</REST_OPERATION_ENABLED></RAD_ACTION><RAD_ACTION ID="DELETE"><ACTION_CODE>DELETE</ACTION_CODE><OPERATION_CODE/><WEBSERVICE_APPLICABLE>N</WEBSERVICE_APPLICABLE><ACTION_STAGE_TYPE>1</ACTION_STAGE_TYPE><FSREQ_CMT_ID/><IOREQ_CMT_ID/><FSRES_CMT_ID/><PKRES_CMT_ID/><REST_OPERATION_ENABLED>N</REST_OPERATION_ENABLED></RAD_ACTION><RAD_ACTION ID="CLOSE"><ACTION_CODE>CLOSE</ACTION_CODE><OPERATION_CODE/><WEBSERVICE_APPLICABLE>N</WEBSERVICE_APPLICABLE><ACTION_STAGE_TYPE>1</ACTION_STAGE_TYPE><FSREQ_CMT_ID/><IOREQ_CMT_ID/><FSRES_CMT_ID/><PKRES_CMT_ID/><REST_OPERATION_ENABLED>N</REST_OPERATION_ENABLED></RAD_ACTION><RAD_ACTION ID="REOPEN"><ACTION_CODE>REOPEN</ACTION_CODE><OPERATION_CODE/><WEBSERVICE_APPLICABLE>N</WEBSERVICE_APPLICABLE><ACTION_STAGE_TYPE>1</ACTION_STAGE_TYPE><FSREQ_CMT_ID/><IOREQ_CMT_ID/><FSRES_CMT_ID/><PKRES_CMT_ID/><REST_OPERATION_ENABLED>N</REST_OPERATION_ENABLED></RAD_ACTION><RAD_ACTION ID="REVERSE"><ACTION_CODE>REVERSE</ACTION_CODE><OPERATION_CODE/><WEBSERVICE_APPLICABLE>N</WEBSERVICE_APPLICABLE><ACTION_STAGE_TYPE>1</ACTION_STAGE_TYPE><FSREQ_CMT_ID/><IOREQ_CMT_ID/><FSRES_CMT_ID/><PKRES_CMT_ID/><REST_OPERATION_ENABLED>N</REST_OPERATION_ENABLED></RAD_ACTION><RAD_ACTION ID="ROLLOVER"><ACTION_CODE>ROLLOVER</ACTION_CODE><OPERATION_CODE/><WEBSERVICE_APPLICABLE>N</WEBSERVICE_APPLICABLE><ACTION_STAGE_TYPE>1</ACTION_STAGE_TYPE><FSREQ_CMT_ID/><IOREQ_CMT_ID/><FSRES_CMT_ID/><PKRES_CMT_ID/><REST_OPERATION_ENABLED>N</REST_OPERATION_ENABLED></RAD_ACTION><RAD_ACTION ID="CONFIRM"><ACTION_CODE>CONFIRM</ACTION_CODE><OPERATION_CODE/><WEBSERVICE_APPLICABLE>N</WEBSERVICE_APPLICABLE><ACTION_STAGE_TYPE>1</ACTION_STAGE_TYPE><FSREQ_CMT_ID/><IOREQ_CMT_ID/><FSRES_CMT_ID/><PKRES_CMT_ID/><REST_OPERATION_ENABLED>N</REST_OPERATION_ENABLED></RAD_ACTION><RAD_ACTION ID="LIQUIDATE"><ACTION_CODE>LIQUIDATE</ACTION_CODE><OPERATION_CODE/><WEBSERVICE_APPLICABLE>N</WEBSERVICE_APPLICABLE><ACTION_STAGE_TYPE>1</ACTION_STAGE_TYPE><FSREQ_CMT_ID/><IOREQ_CMT_ID/><FSRES_CMT_ID/><PKRES_CMT_ID/><REST_OPERATION_ENABLED>N</REST_OPERATION_ENABLED></RAD_ACTION><RAD_ACTION ID="SUMMARYQUERY"><ACTION_CODE>SUMMARYQUERY</ACTION_CODE><OPERATION_CODE/><WEBSERVICE_APPLICABLE>N</WEBSERVICE_APPLICABLE><ACTION_STAGE_TYPE>2</ACTION_STAGE_TYPE><FSREQ_CMT_ID/><IOREQ_CMT_ID/><FSRES_CMT_ID/><PKRES_CMT_ID/><REST_OPERATION_ENABLED>N</REST_OPERATION_ENABLED></RAD_ACTION></RAD_ACTIONS><RAD_SUMMARY ID="SUMMARY"><BUTTONS_PER_ROW/><NUMBER_OF_ROWS/><TITLE/><RAD_SUMMARY_WHERECLAUSE/><RSLT_DATABLK>BLK_MAIN</RSLT_DATABLK><RSLT_DATASRC>TAB_STDKEVI1</RSLT_DATASRC><SUMMARY_TYPE>S</SUMMARY_TYPE><RAD_SUMMARY_ORDERBY/><RAD_MULTIBRN_WHERECLAUSE/><MAIN_SUMM_SCR/><SUM_SCREEN_SIZE>MEDIUM</SUM_SCREEN_SIZE><SUMMARY_WEBSERVICE_REQD>N</SUMMARY_WEBSERVICE_REQD><SUM_QUERYORDER>EXPOSURE_CATEGORY~GROUP_CODE~GROUP_STATUS~GROUP_TYPE~SINCE~TAB_DESCRIPTION</SUM_QUERYORDER><SUM_RESULTORDER>EXPOSURE_CATEGORY~GROUP_CODE~GROUP_STATUS~GROUP_TYPE~SINCE~TAB_DESCRIPTION</SUM_RESULTORDER><BLIND_SEARCH>N</BLIND_SEARCH><DETAIL_REQ/><SUMMARY_DETAILS ID="EXPOSURE_CATEGORY"><FIELD_NAME>EXPOSURE_CATEGORY</FIELD_NAME><QUERY>Y</QUERY><LOV_NAME/><DASHBD_LINK/><MIN_CHAR_LEN/><RETURN_FLDS/><BIND_FLDS/></SUMMARY_DETAILS><SUMMARY_DETAILS ID="GROUP_CODE"><FIELD_NAME>GROUP_CODE</FIELD_NAME><QUERY>Y</QUERY><LOV_NAME/><DASHBD_LINK/><MIN_CHAR_LEN/><RETURN_FLDS/><BIND_FLDS/></SUMMARY_DETAILS><SUMMARY_DETAILS ID="GROUP_STATUS"><FIELD_NAME>GROUP_STATUS</FIELD_NAME><QUERY>Y</QUERY><LOV_NAME/><DASHBD_LINK/><MIN_CHAR_LEN/><RETURN_FLDS/><BIND_FLDS/></SUMMARY_DETAILS><SUMMARY_DETAILS ID="GROUP_TYPE"><FIELD_NAME>GROUP_TYPE</FIELD_NAME><QUERY>Y</QUERY><LOV_NAME/><DASHBD_LINK/><MIN_CHAR_LEN/><RETURN_FLDS/><BIND_FLDS/></SUMMARY_DETAILS><SUMMARY_DETAILS ID="SINCE"><FIELD_NAME>SINCE</FIELD_NAME><QUERY>Y</QUERY><LOV_NAME/><DASHBD_LINK/><MIN_CHAR_LEN/><RETURN_FLDS/><BIND_FLDS/></SUMMARY_DETAILS><SUMMARY_DETAILS ID="TAB_DESCRIPTION"><FIELD_NAME>TAB_DESCRIPTION</FIELD_NAME><QUERY>Y</QUERY><LOV_NAME/><DASHBD_LINK/><MIN_CHAR_LEN/><RETURN_FLDS/><BIND_FLDS/></SUMMARY_DETAILS></RAD_SUMMARY></RAD_CUSTOM></RAD_FUNCTIONS>